{
  "optimal_params": [
    -0.814134285921231,
    -1.0889045032476927,
    1.5844182585053652,
    3.8627302143137685,
    -0.8341075161234262,
    2.2551113316936706,
    -0.07595722231953904,
    -15.056106669313575,
    8.832284893705172,
    1.6424324536627815,
    -1.312483223608437,
    12.53890781927534,
    -1.1758180144655053,
    0.6580058261333646,
    -0.15573188592488585,
    0.8451012286356787,
    1.5777733345596114,
    -0.2184224981880643,
    0.04099144837972101,
    -0.2238501791486934,
    -1.4237028237655982,
    -1.9904195352966785,
    0.7221253528895646,
    0.09445881642921358,
    3.804262913669808e-05,
    0.0005269557246440695,
    -2.9860667742496925,
    0.0009401279206408197,
    -3.218764308306869,
    -11.247156802076134,
    2.013716575840517,
    1.961656012780422,
    -0.8513243366108681,
    1.9615243799974933,
    -8.274758080700806,
    2.1552429121001064,
    0.14974581863931308,
    0.2020590822412942,
    -1.4656314253420342,
    -2.8814542622255104,
    2.772041332353251,
    0.007277339877426649,
    0.007784340946765183,
    -0.12273591425739508,
    -1.5046618461132029,
    0.0024067778518690516,
    -1.2119899470805906,
    -0.014221838919845263,
    4.972192551933543,
    -1.3877871632221594,
    -1.613332716556386,
    -6.408560925739764,
    -0.7134623096508527,
    1.7123795796240393,
    0.16297351378080918,
    0.3236800773445104,
    2.2633869865674114,
    0.001949862997036343,
    2.125408933571646,
    0.02109688832430607,
    5.496721511444347,
    -3.6155228065288543,
    -0.5497521683071905,
    8.499300795766386,
    -8.854994863579487,
    -10.879522810101623,
    -0.5277568372575955
  ],
  "n_param": 67,
  "layer_sizes": [
    2,
    6,
    6,
    1
  ],
  "model_name": "2x6x6x1"
}