{
  "optimal_params": [
    -0.17348090103772715,
    0.02838066388767089,
    -1.6513309213258875e-25,
    0.1733703020104569,
    -3.709568932151889e-21,
    -0.028442831874659173,
    0.781375857845641,
    -0.12774426180296578,
    -3.0654084853534915e-25,
    -0.780861875051985,
    1.8447318153386414e-19,
    0.12794389605603443,
    0.0013312550609391655,
    -0.0015816338101284938,
    -3.9534872838389574e-25,
    -0.0013301733569216596,
    1.2001815446516896e-19,
    0.0015873167386601093,
    2.5120650622688854e-18,
    -0.3879743307726988,
    0.7000858450108806,
    -0.000493758432221445,
    0.0,
    -3.304606226543337e-20,
    -2.3607306873719023e-19,
    0.11311354321529696,
    -0.06581690715534633,
    0.0001438916237718896,
    0.0,
    8.891472219863192e-21,
    -8.41827654954987e-30,
    3.031731450106156e-26,
    1.4811317801884136e-26,
    -5.002544226059319e-22,
    0.0,
    -6.361743845511349e-46,
    -1.4368423608370723e-18,
    0.6924391675088292,
    -0.4004136045032765,
    0.0008808302982057121,
    4.5072059858496765e-26,
    5.3750810404712404e-20,
    1.683655359741877e-29,
    -1.174325339433495e-19,
    1.8686972876738703e-19,
    -1.1335849325086558e-22,
    0.0,
    1.6836553091934117e-29,
    4.1201160155885487e-19,
    -0.06322418886010439,
    0.1148209571596069,
    -8.046551836143754e-05,
    2.2536029929248394e-26,
    -5.4337770553910416e-21,
    1.254138141054503e-18,
    0.3497579448936885,
    0.34949671213021977,
    0.00044490622732220025,
    -5.002994836775217e-22,
    3.0682367922764584e-20,
    -3.1895577011648667e-18,
    0.8769943760699754,
    -0.8888833635882971,
    0.001115726757738804,
    0.0,
    7.330707867627825e-20,
    0.005456796253624384
  ],
  "n_param": 67
}